Flight_ID,Flight_Price
F45001,625.05
F45002,909.18
F45003,561.63
F45004,544.5
F45005,658.9
F45006,543.34
F45007,460.34
F45008,900.91
F45009,635.05
F45010,325.52
F45011,666.77
F45012,641.86
F45013,772.04
F45014,662.32
F45015,481.79
F45016,721.18
F45017,475.65
F45018,459.59
F45019,455.95
F45020,737.65
F45021,324.75
F45022,884.65
F45023,890.48
F45024,879.94
F45025,618.96
F45026,312.89
F45027,589.0
F45028,573.24
F45029,570.55
F45030,556.25
F45031,581.11
F45032,389.94
F45033,446.45
F45034,761.57
F45035,896.94
F45036,687.1
F45037,984.7
F45038,379.48
F45039,413.4
F45040,870.87
F45041,493.17
F45042,422.01
F45043,584.84
F45044,585.01
F45045,556.91
F45046,644.18
F45047,509.2
F45048,599.45
F45049,561.46
F45050,634.38
F45051,768.8
F45052,411.35
F45053,871.71
F45054,675.86
F45055,743.79
F45056,313.63
F45057,459.58
F45058,609.88
F45059,636.88
F45060,297.13
F45061,508.03
F45062,598.14
F45063,683.66
F45064,754.64
F45065,588.25
F45066,609.63
F45067,660.7
F45068,379.12
F45069,290.83
F45070,937.01
F45071,452.58
F45072,799.71
F45073,600.49
F45074,976.08
F45075,533.04
F45076,844.32
F45077,706.05
F45078,613.76
F45079,403.53
F45080,625.87
F45081,770.39
F45082,507.64
F45083,586.71
F45084,708.6
F45085,483.76
F45086,391.7
F45087,397.78
F45088,686.9
F45089,583.78
F45090,580.38
F45091,436.17
F45092,702.88
F45093,790.45
F45094,544.75
F45095,599.08
F45096,632.34
F45097,779.77
F45098,678.91
F45099,596.32
F45100,437.71
F45101,747.44
F45102,748.23
F45103,985.02
F45104,759.08
F45105,598.86
F45106,708.1
F45107,649.09
F45108,732.14
F45109,406.42
F45110,891.31
F45111,541.22
F45112,597.68
F45113,630.75
F45114,762.04
F45115,648.97
F45116,522.67
F45117,452.82
F45118,418.79
F45119,341.58
F45120,401.11
F45121,474.26
F45122,904.89
F45123,1007.36
F45124,648.32
F45125,560.14
F45126,681.48
F45127,329.79
F45128,395.39
F45129,698.88
F45130,742.58
F45131,302.18
F45132,650.7
F45133,740.65
F45134,427.21
F45135,489.97
F45136,658.54
F45137,711.23
F45138,371.24
F45139,713.73
F45140,526.08
F45141,226.74
F45142,568.61
F45143,332.78
F45144,709.17
F45145,499.87
F45146,643.79
F45147,748.57
F45148,710.71
F45149,698.3
F45150,472.41
F45151,363.4
F45152,705.6
F45153,691.8
F45154,287.04
F45155,491.83
F45156,481.4
F45157,506.21
F45158,619.17
F45159,373.32
F45160,637.15
F45161,453.58
F45162,608.35
F45163,704.47
F45164,379.44
F45165,695.84
F45166,433.24
F45167,261.87
F45168,603.38
F45169,618.73
F45170,429.7
F45171,450.27
F45172,550.65
F45173,465.52
F45174,348.22
F45175,674.44
F45176,453.11
F45177,605.73
F45178,479.22
F45179,519.56
F45180,737.47
F45181,808.27
F45182,889.08
F45183,782.42
F45184,714.08
F45185,406.74
F45186,603.42
F45187,490.93
F45188,467.93
F45189,742.08
F45190,612.25
F45191,395.56
F45192,706.09
F45193,468.63
F45194,373.97
F45195,804.59
F45196,317.35
F45197,492.2
F45198,617.57
F45199,313.84
F45200,754.26
F45201,706.52
F45202,860.14
F45203,462.56
F45204,300.79
F45205,409.31
F45206,644.27
F45207,609.18
F45208,643.45
F45209,788.32
F45210,539.79
F45211,637.96
F45212,415.01
F45213,370.43
F45214,410.02
F45215,543.38
F45216,521.92
F45217,634.71
F45218,496.41
F45219,377.96
F45220,685.35
F45221,565.57
F45222,382.98
F45223,528.62
F45224,753.19
F45225,609.92
F45226,255.42
F45227,414.6
F45228,619.39
F45229,587.67
F45230,688.0
F45231,347.82
F45232,687.09
F45233,626.35
F45234,415.85
F45235,291.97
F45236,603.45
F45237,635.57
F45238,489.52
F45239,463.81
F45240,416.65
F45241,510.43
F45242,436.46
F45243,795.46
F45244,381.1
F45245,749.63
F45246,334.76
F45247,624.09
F45248,607.05
F45249,695.96
F45250,757.06
F45251,543.89
F45252,676.28
F45253,375.46
F45254,537.35
F45255,387.9
F45256,659.09
F45257,801.47
F45258,922.53
F45259,449.94
F45260,656.95
F45261,552.65
F45262,617.94
F45263,704.35
F45264,623.84
F45265,517.44
F45266,492.94
F45267,255.11
F45268,397.33
F45269,430.53
F45270,450.64
F45271,548.96
F45272,391.38
F45273,498.9
F45274,627.94
F45275,588.92
F45276,369.36
F45277,908.78
F45278,535.02
F45279,687.92
F45280,625.76
F45281,371.22
F45282,687.26
F45283,535.34
F45284,572.51
F45285,682.62
F45286,386.46
F45287,732.44
F45288,707.25
F45289,606.18
F45290,494.86
F45291,570.8
F45292,636.53
F45293,438.94
F45294,676.77
F45295,691.47
F45296,369.41
F45297,489.85
F45298,996.82
F45299,441.78
F45300,346.81
F45301,415.25
F45302,729.26
F45303,473.0
F45304,383.3
F45305,667.5
F45306,461.59
F45307,808.58
F45308,518.84
F45309,482.04
F45310,529.28
F45311,1051.79
F45312,275.74
F45313,754.07
F45314,658.49
F45315,571.98
F45316,330.31
F45317,818.03
F45318,733.4
F45319,865.71
F45320,619.73
F45321,487.62
F45322,506.66
F45323,617.41
F45324,347.01
F45325,499.29
F45326,739.18
F45327,604.38
F45328,588.45
F45329,601.59
F45330,383.89
F45331,576.95
F45332,689.28
F45333,648.13
F45334,438.46
F45335,883.77
F45336,560.35
F45337,525.62
F45338,511.38
F45339,653.64
F45340,419.03
F45341,510.93
F45342,838.45
F45343,469.66
F45344,583.15
F45345,511.59
F45346,398.51
F45347,898.71
F45348,295.95
F45349,275.14
F45350,455.01
F45351,854.82
F45352,398.27
F45353,656.86
F45354,588.87
F45355,414.77
F45356,676.66
F45357,497.16
F45358,504.77
F45359,449.88
F45360,839.46
F45361,449.39
F45362,365.14
F45363,547.91
F45364,746.85
F45365,392.08
F45366,335.27
F45367,898.11
F45368,419.1
F45369,630.21
F45370,612.99
F45371,679.11
F45372,497.14
F45373,583.54
F45374,632.05
F45375,608.08
F45376,533.35
F45377,619.07
F45378,445.9
F45379,535.6
F45380,642.73
F45381,325.1
F45382,870.33
F45383,625.98
F45384,834.43
F45385,652.26
F45386,595.14
F45387,529.45
F45388,596.35
F45389,362.53
F45390,491.77
F45391,369.12
F45392,547.09
F45393,639.57
F45394,712.11
F45395,542.13
F45396,583.64
F45397,670.24
F45398,778.56
F45399,579.16
F45400,623.74
F45401,446.71
F45402,654.57
F45403,561.3
F45404,419.41
F45405,564.59
F45406,924.13
F45407,669.2
F45408,624.73
F45409,543.52
F45410,946.9
F45411,714.58
F45412,672.41
F45413,350.95
F45414,651.99
F45415,590.14
F45416,656.65
F45417,393.24
F45418,525.44
F45419,886.76
F45420,759.82
F45421,606.45
F45422,431.63
F45423,466.94
F45424,579.17
F45425,501.72
F45426,471.6
F45427,889.79
F45428,356.63
F45429,530.01
F45430,650.33
F45431,508.47
F45432,252.52
F45433,613.84
F45434,421.98
F45435,528.93
F45436,713.69
F45437,329.74
F45438,513.18
F45439,437.46
F45440,854.74
F45441,672.38
F45442,637.41
F45443,729.89
F45444,956.11
F45445,487.06
F45446,886.08
F45447,566.98
F45448,508.03
F45449,684.5
F45450,534.78
F45451,453.02
F45452,354.09
F45453,1041.02
F45454,338.33
F45455,473.32
F45456,653.56
F45457,532.65
F45458,612.26
F45459,375.72
F45460,497.18
F45461,795.24
F45462,636.33
F45463,713.21
F45464,446.0
F45465,553.03
F45466,503.61
F45467,417.44
F45468,445.7
F45469,648.91
F45470,662.25
F45471,700.04
F45472,650.6
F45473,524.25
F45474,394.05
F45475,767.52
F45476,995.27
F45477,465.39
F45478,586.35
F45479,385.02
F45480,344.34
F45481,469.71
F45482,720.45
F45483,577.58
F45484,518.56
F45485,890.24
F45486,582.77
F45487,624.85
F45488,335.6
F45489,584.74
F45490,370.19
F45491,501.94
F45492,579.73
F45493,483.21
F45494,449.03
F45495,446.71
F45496,692.92
F45497,486.59
F45498,611.48
F45499,761.29
F45500,366.76
F45501,267.14
F45502,615.41
F45503,430.13
F45504,497.94
F45505,580.69
F45506,400.59
F45507,526.03
F45508,321.11
F45509,496.42
F45510,459.05
F45511,866.46
F45512,521.1
F45513,661.06
F45514,453.68
F45515,567.43
F45516,516.74
F45517,691.1
F45518,652.92
F45519,300.73
F45520,380.93
F45521,712.12
F45522,749.77
F45523,812.9
F45524,730.62
F45525,349.39
F45526,581.92
F45527,608.9
F45528,748.58
F45529,696.15
F45530,327.67
F45531,393.52
F45532,591.48
F45533,719.63
F45534,479.41
F45535,661.62
F45536,673.02
F45537,391.1
F45538,525.02
F45539,604.61
F45540,428.59
F45541,546.63
F45542,483.55
F45543,781.84
F45544,624.15
F45545,500.3
F45546,678.07
F45547,383.13
F45548,748.11
F45549,248.92
F45550,412.22
F45551,356.31
F45552,706.36
F45553,616.18
F45554,299.74
F45555,824.73
F45556,464.5
F45557,726.67
F45558,647.64
F45559,615.85
F45560,703.76
F45561,412.56
F45562,701.95
F45563,966.22
F45564,840.03
F45565,396.51
F45566,417.41
F45567,856.28
F45568,354.32
F45569,684.93
F45570,410.01
F45571,419.23
F45572,835.76
F45573,599.48
F45574,657.28
F45575,507.51
F45576,529.07
F45577,326.37
F45578,523.22
F45579,546.27
F45580,605.4
F45581,413.12
F45582,940.57
F45583,458.23
F45584,747.27
F45585,424.9
F45586,516.66
F45587,527.59
F45588,849.51
F45589,715.7
F45590,646.66
F45591,605.45
F45592,903.11
F45593,966.88
F45594,564.23
F45595,677.47
F45596,574.95
F45597,847.74
F45598,467.19
F45599,249.52
F45600,593.83
F45601,551.5
F45602,496.57
F45603,842.25
F45604,648.81
F45605,593.75
F45606,465.04
F45607,810.72
F45608,423.84
F45609,328.3
F45610,487.16
F45611,864.58
F45612,384.62
F45613,332.85
F45614,968.01
F45615,600.16
F45616,537.95
F45617,911.08
F45618,716.48
F45619,495.53
F45620,355.14
F45621,647.62
F45622,744.8
F45623,678.94
F45624,491.05
F45625,551.01
F45626,638.96
F45627,501.76
F45628,903.41
F45629,348.46
F45630,479.91
F45631,732.71
F45632,576.38
F45633,631.82
F45634,374.61
F45635,657.45
F45636,417.37
F45637,401.6
F45638,358.53
F45639,697.22
F45640,611.81
F45641,465.27
F45642,606.08
F45643,282.17
F45644,339.9
F45645,714.09
F45646,453.64
F45647,537.64
F45648,702.96
F45649,1053.87
F45650,530.99
F45651,476.51
F45652,541.23
F45653,301.44
F45654,528.24
F45655,563.1
F45656,888.14
F45657,767.11
F45658,719.88
F45659,731.64
F45660,481.86
F45661,440.62
F45662,332.08
F45663,681.66
F45664,408.7
F45665,667.79
F45666,843.86
F45667,601.01
F45668,438.21
F45669,600.04
F45670,340.42
F45671,555.55
F45672,435.8
F45673,520.45
F45674,342.53
F45675,433.35
F45676,318.06
F45677,543.65
F45678,855.79
F45679,568.74
F45680,457.25
F45681,613.72
F45682,563.9
F45683,379.33
F45684,764.42
F45685,507.97
F45686,686.21
F45687,540.41
F45688,576.86
F45689,547.14
F45690,469.18
F45691,442.19
F45692,703.29
F45693,362.65
F45694,765.09
F45695,705.0
F45696,439.73
F45697,386.91
F45698,524.54
F45699,688.89
F45700,383.91
F45701,362.65
F45702,690.16
F45703,698.21
F45704,442.15
F45705,855.6
F45706,684.13
F45707,350.72
F45708,509.32
F45709,443.89
F45710,346.44
F45711,909.86
F45712,599.49
F45713,462.03
F45714,615.62
F45715,309.37
F45716,610.9
F45717,528.09
F45718,450.64
F45719,656.42
F45720,553.74
F45721,733.04
F45722,693.76
F45723,570.65
F45724,887.8
F45725,353.89
F45726,275.6
F45727,496.33
F45728,673.08
F45729,550.73
F45730,700.07
F45731,550.62
F45732,429.59
F45733,568.01
F45734,473.61
F45735,464.9
F45736,661.29
F45737,735.56
F45738,636.08
F45739,645.85
F45740,587.93
F45741,424.05
F45742,536.26
F45743,527.38
F45744,572.52
F45745,611.19
F45746,560.64
F45747,382.99
F45748,582.58
F45749,688.18
F45750,571.65
F45751,381.29
F45752,721.0
F45753,470.5
F45754,459.7
F45755,372.0
F45756,434.23
F45757,620.29
F45758,796.59
F45759,431.8
F45760,804.01
F45761,471.75
F45762,543.35
F45763,637.05
F45764,636.07
F45765,583.18
F45766,644.28
F45767,623.05
F45768,436.82
F45769,642.64
F45770,672.59
F45771,335.33
F45772,276.21
F45773,346.45
F45774,625.5
F45775,570.32
F45776,404.74
F45777,617.26
F45778,807.13
F45779,775.25
F45780,551.87
F45781,677.41
F45782,379.16
F45783,372.18
F45784,410.33
F45785,247.27
F45786,593.66
F45787,645.84
F45788,552.21
F45789,616.32
F45790,652.22
F45791,414.68
F45792,270.75
F45793,347.52
F45794,458.33
F45795,560.43
F45796,626.24
F45797,376.84
F45798,582.02
F45799,440.61
F45800,515.05
F45801,573.73
F45802,418.58
F45803,396.04
F45804,461.69
F45805,653.28
F45806,676.14
F45807,570.39
F45808,711.56
F45809,373.72
F45810,639.66
F45811,537.03
F45812,389.81
F45813,389.48
F45814,584.5
F45815,853.09
F45816,661.48
F45817,405.54
F45818,572.75
F45819,508.69
F45820,570.61
F45821,494.71
F45822,414.67
F45823,515.92
F45824,587.32
F45825,652.14
F45826,603.28
F45827,764.53
F45828,644.31
F45829,702.53
F45830,695.43
F45831,662.98
F45832,992.32
F45833,569.53
F45834,608.72
F45835,452.13
F45836,669.98
F45837,361.07
F45838,397.51
F45839,380.08
F45840,825.48
F45841,442.53
F45842,397.43
F45843,374.15
F45844,509.0
F45845,382.28
F45846,738.57
F45847,609.38
F45848,574.95
F45849,382.16
F45850,704.15
F45851,460.0
F45852,742.21
F45853,622.18
F45854,532.96
F45855,274.61
F45856,872.75
F45857,788.82
F45858,616.31
F45859,297.66
F45860,652.48
F45861,736.18
F45862,426.39
F45863,562.98
F45864,680.49
F45865,846.27
F45866,294.25
F45867,346.77
F45868,695.54
F45869,435.25
F45870,453.61
F45871,764.17
F45872,527.76
F45873,366.09
F45874,541.48
F45875,318.41
F45876,344.98
F45877,438.39
F45878,740.99
F45879,575.82
F45880,850.74
F45881,789.61
F45882,1031.92
F45883,594.74
F45884,539.25
F45885,887.6
F45886,597.2
F45887,648.8
F45888,507.72
F45889,408.59
F45890,262.38
F45891,382.86
F45892,742.77
F45893,537.17
F45894,618.98
F45895,422.6
F45896,345.14
F45897,781.18
F45898,988.18
F45899,359.04
F45900,637.19
F45901,487.11
F45902,619.33
F45903,327.86
F45904,789.83
F45905,421.38
F45906,461.6
F45907,561.01
F45908,439.38
F45909,518.58
F45910,375.09
F45911,567.83
F45912,695.25
F45913,526.45
F45914,435.15
F45915,435.06
F45916,779.98
F45917,522.3
F45918,707.0
F45919,459.63
F45920,697.15
F45921,568.36
F45922,493.02
F45923,470.46
F45924,654.43
F45925,582.91
F45926,620.88
F45927,767.37
F45928,438.54
F45929,417.39
F45930,475.06
F45931,743.56
F45932,444.07
F45933,784.92
F45934,598.44
F45935,294.96
F45936,651.56
F45937,618.73
F45938,790.95
F45939,670.8
F45940,842.59
F45941,573.67
F45942,553.55
F45943,530.59
F45944,380.01
F45945,608.11
F45946,629.15
F45947,532.56
F45948,890.39
F45949,476.81
F45950,488.7
F45951,495.1
F45952,580.45
F45953,514.34
F45954,605.84
F45955,546.72
F45956,681.14
F45957,425.55
F45958,743.14
F45959,443.91
F45960,715.5
F45961,733.08
F45962,427.64
F45963,944.8
F45964,621.83
F45965,498.56
F45966,395.14
F45967,612.74
F45968,368.3
F45969,391.57
F45970,472.99
F45971,527.08
F45972,564.63
F45973,623.91
F45974,627.84
F45975,457.85
F45976,650.77
F45977,631.41
F45978,491.58
F45979,554.18
F45980,711.07
F45981,608.78
F45982,529.57
F45983,401.08
F45984,688.23
F45985,431.61
F45986,386.15
F45987,497.41
F45988,602.96
F45989,641.71
F45990,616.86
F45991,638.19
F45992,903.85
F45993,966.22
F45994,502.29
F45995,462.07
F45996,772.66
F45997,580.21
F45998,855.06
F45999,400.94
F46000,809.51
F46001,872.97
F46002,714.05
F46003,419.44
F46004,335.41
F46005,550.4
F46006,628.31
F46007,493.4
F46008,612.05
F46009,426.19
F46010,688.59
F46011,471.28
F46012,717.37
F46013,542.31
F46014,692.9
F46015,772.56
F46016,659.24
F46017,513.0
F46018,463.53
F46019,450.87
F46020,642.38
F46021,793.37
F46022,339.83
F46023,541.34
F46024,395.6
F46025,467.42
F46026,533.04
F46027,610.98
F46028,766.77
F46029,722.11
F46030,410.68
F46031,559.45
F46032,442.01
F46033,770.09
F46034,601.37
F46035,796.56
F46036,648.25
F46037,430.64
F46038,405.28
F46039,403.99
F46040,688.89
F46041,290.81
F46042,527.88
F46043,454.96
F46044,541.66
F46045,764.39
F46046,389.79
F46047,565.78
F46048,413.62
F46049,626.64
F46050,396.89
F46051,820.37
F46052,661.61
F46053,495.58
F46054,703.53
F46055,475.28
F46056,249.74
F46057,640.61
F46058,746.06
F46059,764.97
F46060,674.89
F46061,383.49
F46062,739.22
F46063,453.63
F46064,699.0
F46065,756.4
F46066,920.38
F46067,509.39
F46068,440.32
F46069,454.57
F46070,539.72
F46071,596.25
F46072,551.45
F46073,404.75
F46074,618.5
F46075,525.43
F46076,781.41
F46077,432.34
F46078,545.72
F46079,670.82
F46080,416.84
F46081,462.74
F46082,300.38
F46083,375.34
F46084,423.82
F46085,785.8
F46086,342.97
F46087,400.82
F46088,976.59
F46089,627.68
F46090,662.96
F46091,592.12
F46092,485.51
F46093,781.24
F46094,649.01
F46095,488.03
F46096,484.32
F46097,383.87
F46098,548.99
F46099,473.17
F46100,710.61
F46101,867.12
F46102,607.06
F46103,583.03
F46104,417.5
F46105,686.83
F46106,269.52
F46107,386.88
F46108,486.84
F46109,635.58
F46110,711.1
F46111,472.81
F46112,610.79
F46113,353.63
F46114,680.63
F46115,702.03
F46116,543.24
F46117,262.41
F46118,381.09
F46119,563.4
F46120,657.26
F46121,528.31
F46122,684.09
F46123,529.58
F46124,704.9
F46125,738.75
F46126,439.34
F46127,508.73
F46128,412.58
F46129,474.66
F46130,500.69
F46131,559.89
F46132,605.42
F46133,457.65
F46134,416.0
F46135,689.91
F46136,343.52
F46137,582.5
F46138,414.61
F46139,439.85
F46140,346.37
F46141,449.22
F46142,335.85
F46143,588.16
F46144,554.24
F46145,572.29
F46146,803.69
F46147,688.8
F46148,361.64
F46149,445.18
F46150,760.36
F46151,856.68
F46152,331.15
F46153,309.96
F46154,628.13
F46155,561.38
F46156,362.63
F46157,445.72
F46158,542.69
F46159,796.78
F46160,543.04
F46161,960.81
F46162,772.07
F46163,380.54
F46164,632.63
F46165,469.96
F46166,791.48
F46167,555.34
F46168,549.11
F46169,650.12
F46170,359.92
F46171,877.86
F46172,433.89
F46173,764.74
F46174,589.39
F46175,560.51
F46176,625.39
F46177,889.43
F46178,290.62
F46179,347.74
F46180,733.27
F46181,423.55
F46182,697.77
F46183,396.79
F46184,1005.36
F46185,416.63
F46186,511.9
F46187,919.59
F46188,522.09
F46189,562.31
F46190,435.34
F46191,655.02
F46192,810.1
F46193,432.87
F46194,479.18
F46195,590.94
F46196,837.67
F46197,475.11
F46198,670.98
F46199,484.85
F46200,693.99
F46201,680.5
F46202,742.86
F46203,433.78
F46204,380.36
F46205,685.72
F46206,668.65
F46207,642.04
F46208,378.32
F46209,494.38
F46210,629.5
F46211,522.26
F46212,652.82
F46213,490.54
F46214,624.09
F46215,451.72
F46216,356.92
F46217,651.01
F46218,634.78
F46219,778.37
F46220,785.21
F46221,519.19
F46222,911.35
F46223,475.49
F46224,520.61
F46225,588.0
F46226,546.77
F46227,341.28
F46228,347.39
F46229,917.94
F46230,489.54
F46231,712.66
F46232,658.97
F46233,481.04
F46234,527.03
F46235,489.01
F46236,518.71
F46237,529.04
F46238,492.85
F46239,609.08
F46240,503.91
F46241,444.66
F46242,657.51
F46243,298.25
F46244,429.54
F46245,379.84
F46246,591.48
F46247,690.25
F46248,513.08
F46249,735.24
F46250,634.46
F46251,433.67
F46252,493.38
F46253,405.41
F46254,733.68
F46255,333.14
F46256,758.03
F46257,605.74
F46258,535.56
F46259,599.61
F46260,848.34
F46261,282.81
F46262,559.59
F46263,884.77
F46264,970.11
F46265,654.9
F46266,665.5
F46267,333.93
F46268,517.91
F46269,398.12
F46270,465.19
F46271,547.04
F46272,654.9
F46273,429.08
F46274,502.24
F46275,752.61
F46276,530.13
F46277,514.72
F46278,349.22
F46279,715.58
F46280,466.28
F46281,269.78
F46282,580.46
F46283,474.29
F46284,583.44
F46285,617.86
F46286,435.78
F46287,678.25
F46288,563.15
F46289,849.39
F46290,431.66
F46291,531.0
F46292,835.89
F46293,490.15
F46294,472.9
F46295,386.54
F46296,600.63
F46297,607.61
F46298,552.96
F46299,497.65
F46300,572.59
F46301,651.75
F46302,602.75
F46303,508.29
F46304,543.52
F46305,326.8
F46306,495.29
F46307,406.8
F46308,646.81
F46309,752.88
F46310,344.22
F46311,390.17
F46312,424.34
F46313,567.3
F46314,592.53
F46315,398.46
F46316,544.47
F46317,596.52
F46318,657.96
F46319,382.0
F46320,768.96
F46321,346.97
F46322,780.46
F46323,536.92
F46324,294.94
F46325,586.65
F46326,399.49
F46327,563.41
F46328,701.34
F46329,412.8
F46330,480.17
F46331,576.82
F46332,937.02
F46333,673.78
F46334,454.38
F46335,743.27
F46336,524.89
F46337,402.0
F46338,325.56
F46339,714.79
F46340,532.51
F46341,748.35
F46342,833.21
F46343,293.7
F46344,677.23
F46345,466.28
F46346,550.8
F46347,645.19
F46348,421.57
F46349,633.51
F46350,320.58
F46351,550.1
F46352,505.79
F46353,393.03
F46354,631.23
F46355,583.28
F46356,644.23
F46357,546.49
F46358,440.76
F46359,227.98
F46360,693.03
F46361,511.6
F46362,450.76
F46363,462.63
F46364,678.68
F46365,345.02
F46366,436.75
F46367,724.57
F46368,463.52
F46369,752.17
F46370,515.89
F46371,499.72
F46372,580.86
F46373,565.57
F46374,549.72
F46375,579.86
F46376,919.0
F46377,704.82
F46378,278.64
F46379,604.71
F46380,544.64
F46381,611.55
F46382,668.87
F46383,547.58
F46384,463.37
F46385,535.04
F46386,540.66
F46387,505.02
F46388,691.78
F46389,588.93
F46390,707.18
F46391,426.67
F46392,743.06
F46393,640.22
F46394,558.9
F46395,631.07
F46396,363.7
F46397,360.57
F46398,622.55
F46399,539.0
F46400,579.8
F46401,639.09
F46402,860.71
F46403,354.62
F46404,562.27
F46405,598.73
F46406,761.22
F46407,877.76
F46408,568.64
F46409,673.19
F46410,656.29
F46411,667.76
F46412,645.07
F46413,747.32
F46414,657.4
F46415,580.14
F46416,419.69
F46417,827.75
F46418,401.83
F46419,571.53
F46420,712.88
F46421,476.79
F46422,774.68
F46423,312.06
F46424,350.86
F46425,752.38
F46426,539.8
F46427,769.77
F46428,850.86
F46429,406.29
F46430,388.96
F46431,733.37
F46432,612.36
F46433,544.54
F46434,304.78
F46435,430.89
F46436,563.39
F46437,576.07
F46438,611.07
F46439,806.93
F46440,518.3
F46441,532.35
F46442,644.78
F46443,577.89
F46444,458.38
F46445,548.9
F46446,485.55
F46447,700.28
F46448,350.46
F46449,585.51
F46450,402.92
F46451,794.51
F46452,546.42
F46453,769.18
F46454,354.25
F46455,495.17
F46456,493.57
F46457,479.79
F46458,431.7
F46459,771.49
F46460,389.47
F46461,732.76
F46462,488.44
F46463,1000.71
F46464,269.81
F46465,912.93
F46466,719.97
F46467,622.6
F46468,676.67
F46469,702.19
F46470,382.36
F46471,766.1
F46472,637.4
F46473,570.04
F46474,661.23
F46475,561.35
F46476,596.4
F46477,482.94
F46478,583.84
F46479,736.42
F46480,506.9
F46481,589.17
F46482,789.43
F46483,572.58
F46484,556.47
F46485,423.57
F46486,390.83
F46487,346.99
F46488,618.36
F46489,594.25
F46490,600.3
F46491,711.95
F46492,552.65
F46493,700.63
F46494,721.27
F46495,532.54
F46496,396.19
F46497,532.23
F46498,639.34
F46499,859.61
F46500,540.2
F46501,684.56
F46502,546.57
F46503,516.74
F46504,465.45
F46505,530.8
F46506,571.52
F46507,595.66
F46508,716.06
F46509,574.52
F46510,825.31
F46511,605.85
F46512,309.79
F46513,601.34
F46514,809.66
F46515,360.73
F46516,429.21
F46517,656.07
F46518,546.99
F46519,475.22
F46520,328.3
F46521,563.61
F46522,509.33
F46523,645.89
F46524,639.34
F46525,320.3
F46526,711.84
F46527,555.94
F46528,439.15
F46529,643.77
F46530,423.24
F46531,236.54
F46532,389.01
F46533,504.21
F46534,376.66
F46535,752.37
F46536,343.75
F46537,470.07
F46538,839.54
F46539,579.63
F46540,538.52
F46541,459.67
F46542,509.98
F46543,590.54
F46544,629.12
F46545,290.15
F46546,581.23
F46547,911.83
F46548,723.53
F46549,770.45
F46550,400.34
F46551,392.28
F46552,366.94
F46553,412.54
F46554,422.05
F46555,314.29
F46556,760.82
F46557,535.23
F46558,642.76
F46559,368.14
F46560,652.59
F46561,510.43
F46562,468.66
F46563,641.27
F46564,721.95
F46565,458.29
F46566,792.35
F46567,508.06
F46568,301.96
F46569,715.17
F46570,789.4
F46571,433.24
F46572,528.92
F46573,428.5
F46574,593.54
F46575,806.16
F46576,963.83
F46577,639.65
F46578,548.3
F46579,702.79
F46580,721.03
F46581,444.92
F46582,398.11
F46583,449.85
F46584,582.61
F46585,426.55
F46586,322.47
F46587,330.91
F46588,485.6
F46589,452.44
F46590,495.59
F46591,402.38
F46592,565.5
F46593,557.29
F46594,532.64
F46595,677.01
F46596,379.37
F46597,671.29
F46598,567.23
F46599,375.92
F46600,568.26
F46601,683.31
F46602,471.86
F46603,363.13
F46604,867.59
F46605,688.11
F46606,394.66
F46607,629.41
F46608,552.15
F46609,714.86
F46610,566.09
F46611,292.18
F46612,502.89
F46613,623.27
F46614,307.23
F46615,429.91
F46616,749.06
F46617,375.64
F46618,286.47
F46619,575.27
F46620,686.01
F46621,419.27
F46622,512.6
F46623,636.52
F46624,641.2
F46625,388.79
F46626,518.62
F46627,295.76
F46628,536.1
F46629,967.93
F46630,692.03
F46631,651.98
F46632,397.61
F46633,684.24
F46634,588.39
F46635,563.21
F46636,454.12
F46637,535.35
F46638,516.32
F46639,401.56
F46640,580.1
F46641,415.85
F46642,686.17
F46643,434.28
F46644,646.42
F46645,839.49
F46646,739.46
F46647,448.35
F46648,289.96
F46649,532.75
F46650,719.08
F46651,529.22
F46652,510.93
F46653,351.82
F46654,456.45
F46655,411.07
F46656,655.56
F46657,705.43
F46658,529.44
F46659,606.31
F46660,856.28
F46661,493.05
F46662,658.95
F46663,411.22
F46664,660.24
F46665,429.06
F46666,561.79
F46667,363.44
F46668,529.9
F46669,663.84
F46670,641.73
F46671,810.02
F46672,635.31
F46673,546.59
F46674,391.91
F46675,535.47
F46676,421.09
F46677,646.6
F46678,726.64
F46679,467.44
F46680,568.67
F46681,542.93
F46682,617.08
F46683,451.47
F46684,553.73
F46685,666.7
F46686,478.26
F46687,636.49
F46688,636.1
F46689,453.28
F46690,832.35
F46691,635.99
F46692,387.23
F46693,290.39
F46694,490.34
F46695,788.32
F46696,505.57
F46697,588.73
F46698,851.6
F46699,755.12
F46700,401.59
F46701,490.42
F46702,604.63
F46703,643.04
F46704,527.84
F46705,448.4
F46706,546.36
F46707,446.05
F46708,843.66
F46709,376.03
F46710,616.59
F46711,716.62
F46712,786.18
F46713,723.39
F46714,626.16
F46715,416.38
F46716,324.93
F46717,657.31
F46718,485.04
F46719,520.09
F46720,419.12
F46721,528.96
F46722,387.71
F46723,343.8
F46724,589.79
F46725,975.31
F46726,681.35
F46727,332.59
F46728,498.81
F46729,789.2
F46730,601.15
F46731,680.07
F46732,765.85
F46733,571.0
F46734,606.11
F46735,356.94
F46736,512.28
F46737,540.89
F46738,493.15
F46739,656.58
F46740,544.35
F46741,647.34
F46742,563.45
F46743,682.91
F46744,316.31
F46745,632.25
F46746,407.0
F46747,610.12
F46748,888.49
F46749,528.22
F46750,592.48
F46751,359.99
F46752,634.14
F46753,508.84
F46754,416.35
F46755,488.13
F46756,545.18
F46757,583.09
F46758,558.19
F46759,729.28
F46760,624.92
F46761,709.45
F46762,578.12
F46763,391.95
F46764,395.3
F46765,951.08
F46766,498.88
F46767,688.47
F46768,503.92
F46769,556.17
F46770,387.69
F46771,273.21
F46772,276.22
F46773,484.36
F46774,813.96
F46775,674.09
F46776,894.68
F46777,457.67
F46778,701.34
F46779,791.74
F46780,590.75
F46781,451.39
F46782,361.3
F46783,705.65
F46784,851.89
F46785,282.41
F46786,601.68
F46787,733.1
F46788,523.55
F46789,413.27
F46790,492.66
F46791,653.08
F46792,663.04
F46793,327.75
F46794,368.23
F46795,482.81
F46796,556.12
F46797,631.76
F46798,605.25
F46799,564.58
F46800,802.85
F46801,382.58
F46802,718.46
F46803,625.0
F46804,746.09
F46805,871.07
F46806,593.62
F46807,698.16
F46808,573.1
F46809,497.94
F46810,712.56
F46811,689.21
F46812,736.18
F46813,534.49
F46814,530.04
F46815,587.16
F46816,931.87
F46817,483.25
F46818,515.53
F46819,425.37
F46820,463.66
F46821,939.05
F46822,500.57
F46823,496.64
F46824,624.55
F46825,673.22
F46826,582.72
F46827,479.1
F46828,568.28
F46829,408.55
F46830,804.41
F46831,550.57
F46832,616.72
F46833,544.92
F46834,705.38
F46835,677.77
F46836,509.39
F46837,452.84
F46838,777.68
F46839,628.08
F46840,727.83
F46841,586.84
F46842,456.05
F46843,407.51
F46844,550.98
F46845,531.22
F46846,583.81
F46847,635.58
F46848,801.38
F46849,577.8
F46850,670.56
F46851,762.26
F46852,520.97
F46853,885.39
F46854,566.64
F46855,515.23
F46856,701.37
F46857,520.46
F46858,487.58
F46859,624.43
F46860,713.03
F46861,549.47
F46862,442.06
F46863,500.41
F46864,380.37
F46865,419.3
F46866,421.05
F46867,533.53
F46868,771.75
F46869,743.45
F46870,463.85
F46871,654.49
F46872,536.29
F46873,612.33
F46874,619.61
F46875,372.04
F46876,548.44
F46877,487.61
F46878,475.43
F46879,231.38
F46880,541.02
F46881,614.54
F46882,709.3
F46883,749.29
F46884,473.3
F46885,263.62
F46886,582.76
F46887,417.16
F46888,465.19
F46889,664.01
F46890,871.99
F46891,328.57
F46892,828.19
F46893,901.84
F46894,605.47
F46895,631.99
F46896,653.38
F46897,510.77
F46898,717.04
F46899,473.98
F46900,873.32
F46901,740.78
F46902,521.91
F46903,650.51
F46904,543.76
F46905,349.58
F46906,813.45
F46907,691.7
F46908,466.64
F46909,597.5
F46910,694.31
F46911,754.46
F46912,985.97
F46913,476.31
F46914,642.01
F46915,814.5
F46916,511.53
F46917,709.92
F46918,639.55
F46919,656.2
F46920,413.78
F46921,336.09
F46922,328.65
F46923,610.1
F46924,423.59
F46925,532.56
F46926,413.18
F46927,561.81
F46928,677.5
F46929,1010.32
F46930,371.36
F46931,937.31
F46932,521.58
F46933,663.08
F46934,556.89
F46935,867.73
F46936,416.26
F46937,590.46
F46938,620.72
F46939,865.34
F46940,767.51
F46941,548.65
F46942,524.12
F46943,454.45
F46944,498.22
F46945,481.01
F46946,377.91
F46947,340.74
F46948,562.63
F46949,646.16
F46950,635.9
F46951,826.13
F46952,469.81
F46953,647.06
F46954,481.11
F46955,742.49
F46956,516.25
F46957,958.58
F46958,592.57
F46959,907.39
F46960,521.61
F46961,854.65
F46962,531.65
F46963,515.23
F46964,523.95
F46965,589.32
F46966,562.57
F46967,360.28
F46968,394.67
F46969,721.02
F46970,753.82
F46971,618.4
F46972,824.83
F46973,533.05
F46974,468.24
F46975,548.27
F46976,506.89
F46977,795.12
F46978,989.55
F46979,348.99
F46980,723.93
F46981,646.13
F46982,790.09
F46983,820.47
F46984,977.98
F46985,263.92
F46986,593.4
F46987,323.46
F46988,563.64
F46989,872.11
F46990,428.11
F46991,554.31
F46992,588.54
F46993,478.39
F46994,599.63
F46995,1009.92
F46996,827.92
F46997,769.75
F46998,440.68
F46999,860.11
F47000,420.81
F47001,463.9
F47002,754.02
F47003,492.61
F47004,407.5
F47005,665.07
F47006,853.53
F47007,525.68
F47008,438.26
F47009,360.74
F47010,407.05
F47011,660.3
F47012,429.76
F47013,589.29
F47014,421.79
F47015,746.56
F47016,587.47
F47017,385.69
F47018,521.93
F47019,774.38
F47020,502.16
F47021,842.71
F47022,376.81
F47023,634.25
F47024,530.51
F47025,359.89
F47026,487.09
F47027,837.81
F47028,712.53
F47029,418.39
F47030,359.09
F47031,539.13
F47032,650.94
F47033,809.71
F47034,553.3
F47035,304.6
F47036,717.22
F47037,583.48
F47038,573.02
F47039,467.83
F47040,897.94
F47041,509.56
F47042,430.21
F47043,621.19
F47044,543.8
F47045,497.47
F47046,573.74
F47047,688.97
F47048,474.37
F47049,796.83
F47050,898.19
F47051,883.39
F47052,499.96
F47053,502.73
F47054,602.33
F47055,822.59
F47056,547.9
F47057,798.26
F47058,429.33
F47059,451.74
F47060,445.79
F47061,487.31
F47062,776.21
F47063,249.0
F47064,616.49
F47065,475.65
F47066,338.72
F47067,648.41
F47068,555.59
F47069,410.25
F47070,592.93
F47071,868.99
F47072,466.2
F47073,518.9
F47074,635.9
F47075,445.9
F47076,479.73
F47077,897.03
F47078,518.2
F47079,1025.32
F47080,470.55
F47081,506.89
F47082,445.33
F47083,758.54
F47084,629.41
F47085,387.2
F47086,793.67
F47087,425.33
F47088,457.1
F47089,775.1
F47090,494.76
F47091,656.0
F47092,707.34
F47093,456.0
F47094,571.93
F47095,617.06
F47096,609.63
F47097,637.82
F47098,568.84
F47099,774.1
F47100,728.36
F47101,617.54
F47102,381.18
F47103,930.48
F47104,626.9
F47105,375.98
F47106,748.78
F47107,676.51
F47108,809.35
F47109,444.28
F47110,474.4
F47111,642.01
F47112,276.95
F47113,555.28
F47114,421.61
F47115,539.03
F47116,371.11
F47117,641.29
F47118,380.97
F47119,364.01
F47120,287.42
F47121,611.21
F47122,413.9
F47123,676.72
F47124,722.55
F47125,431.19
F47126,841.35
F47127,629.28
F47128,536.89
F47129,685.93
F47130,418.73
F47131,365.91
F47132,403.85
F47133,791.43
F47134,412.12
F47135,494.75
F47136,497.82
F47137,851.19
F47138,671.82
F47139,629.59
F47140,316.3
F47141,612.83
F47142,643.85
F47143,457.95
F47144,296.91
F47145,575.25
F47146,773.96
F47147,354.97
F47148,556.44
F47149,411.22
F47150,570.99
F47151,765.79
F47152,626.79
F47153,719.43
F47154,661.75
F47155,454.49
F47156,490.17
F47157,515.08
F47158,649.77
F47159,482.32
F47160,419.26
F47161,741.74
F47162,693.23
F47163,368.79
F47164,752.1
F47165,808.79
F47166,808.76
F47167,506.53
F47168,842.22
F47169,448.71
F47170,426.72
F47171,624.35
F47172,489.29
F47173,558.82
F47174,705.33
F47175,427.7
F47176,573.35
F47177,759.71
F47178,393.02
F47179,474.73
F47180,729.39
F47181,846.92
F47182,543.96
F47183,430.88
F47184,520.73
F47185,899.18
F47186,501.32
F47187,371.55
F47188,528.06
F47189,658.56
F47190,729.59
F47191,521.32
F47192,445.53
F47193,407.43
F47194,757.18
F47195,658.37
F47196,342.55
F47197,308.19
F47198,513.04
F47199,691.27
F47200,404.89
F47201,563.83
F47202,460.81
F47203,424.5
F47204,640.76
F47205,774.14
F47206,509.06
F47207,467.22
F47208,434.13
F47209,415.65
F47210,460.45
F47211,707.88
F47212,755.99
F47213,543.53
F47214,368.82
F47215,523.17
F47216,506.07
F47217,634.8
F47218,333.27
F47219,595.83
F47220,379.42
F47221,371.47
F47222,461.05
F47223,520.76
F47224,569.85
F47225,601.59
F47226,223.78
F47227,352.38
F47228,252.16
F47229,792.31
F47230,716.07
F47231,563.0
F47232,553.47
F47233,654.12
F47234,361.55
F47235,446.81
F47236,397.39
F47237,437.89
F47238,635.3
F47239,414.52
F47240,596.55
F47241,736.22
F47242,578.07
F47243,637.19
F47244,238.17
F47245,670.06
F47246,1019.01
F47247,457.93
F47248,438.95
F47249,605.01
F47250,794.55
F47251,545.27
F47252,382.79
F47253,535.89
F47254,417.26
F47255,575.63
F47256,594.94
F47257,327.55
F47258,393.15
F47259,671.61
F47260,682.36
F47261,607.72
F47262,427.85
F47263,324.35
F47264,562.6
F47265,500.3
F47266,803.23
F47267,517.61
F47268,546.6
F47269,423.09
F47270,701.52
F47271,410.32
F47272,360.28
F47273,391.19
F47274,376.14
F47275,842.54
F47276,649.88
F47277,664.66
F47278,696.91
F47279,455.34
F47280,558.98
F47281,462.9
F47282,629.4
F47283,456.77
F47284,726.71
F47285,568.85
F47286,562.75
F47287,486.64
F47288,404.27
F47289,306.24
F47290,366.28
F47291,483.54
F47292,766.1
F47293,478.98
F47294,436.25
F47295,838.2
F47296,487.99
F47297,392.88
F47298,929.05
F47299,569.72
F47300,641.19
F47301,601.58
F47302,610.77
F47303,966.89
F47304,672.7
F47305,481.24
F47306,626.2
F47307,597.51
F47308,534.63
F47309,388.36
F47310,617.62
F47311,369.05
F47312,525.23
F47313,869.73
F47314,378.23
F47315,463.87
F47316,887.23
F47317,614.07
F47318,437.52
F47319,482.48
F47320,496.33
F47321,489.73
F47322,523.05
F47323,793.33
F47324,658.56
F47325,503.9
F47326,654.34
F47327,901.52
F47328,381.69
F47329,406.61
F47330,478.33
F47331,519.42
F47332,639.95
F47333,417.4
F47334,753.68
F47335,388.13
F47336,525.82
F47337,580.9
F47338,533.79
F47339,432.58
F47340,352.78
F47341,690.02
F47342,324.49
F47343,604.9
F47344,766.94
F47345,466.57
F47346,542.33
F47347,453.0
F47348,531.02
F47349,496.07
F47350,424.79
F47351,1007.23
F47352,748.95
F47353,944.19
F47354,715.14
F47355,818.36
F47356,645.05
F47357,699.81
F47358,743.86
F47359,402.41
F47360,778.9
F47361,830.62
F47362,591.47
F47363,416.43
F47364,761.26
F47365,561.81
F47366,557.27
F47367,734.18
F47368,794.52
F47369,748.4
F47370,569.26
F47371,704.54
F47372,646.87
F47373,383.9
F47374,441.5
F47375,802.99
F47376,426.39
F47377,512.55
F47378,917.34
F47379,783.05
F47380,512.03
F47381,604.75
F47382,590.95
F47383,402.99
F47384,574.43
F47385,429.9
F47386,714.17
F47387,703.94
F47388,969.19
F47389,664.88
F47390,364.19
F47391,516.4
F47392,374.31
F47393,712.95
F47394,450.06
F47395,450.65
F47396,658.76
F47397,599.25
F47398,528.99
F47399,763.37
F47400,390.04
F47401,836.99
F47402,241.87
F47403,428.32
F47404,1053.51
F47405,661.14
F47406,442.03
F47407,415.04
F47408,572.71
F47409,337.04
F47410,344.8
F47411,430.13
F47412,486.77
F47413,419.84
F47414,361.33
F47415,602.27
F47416,917.69
F47417,679.06
F47418,685.66
F47419,743.32
F47420,846.1
F47421,290.89
F47422,545.87
F47423,768.05
F47424,414.2
F47425,550.4
F47426,228.86
F47427,1026.59
F47428,808.95
F47429,391.15
F47430,361.98
F47431,712.16
F47432,467.71
F47433,716.68
F47434,902.86
F47435,726.51
F47436,956.83
F47437,449.3
F47438,362.74
F47439,736.75
F47440,290.52
F47441,432.37
F47442,363.15
F47443,654.87
F47444,526.1
F47445,358.16
F47446,629.73
F47447,649.84
F47448,734.38
F47449,620.08
F47450,530.07
F47451,925.42
F47452,745.66
F47453,299.08
F47454,802.11
F47455,685.76
F47456,520.25
F47457,496.14
F47458,388.02
F47459,751.77
F47460,744.01
F47461,604.38
F47462,455.94
F47463,606.62
F47464,513.36
F47465,507.03
F47466,596.1
F47467,425.61
F47468,551.3
F47469,683.56
F47470,721.69
F47471,591.23
F47472,829.91
F47473,359.94
F47474,491.05
F47475,297.49
F47476,517.67
F47477,430.09
F47478,514.08
F47479,598.72
F47480,701.94
F47481,371.0
F47482,500.62
F47483,525.68
F47484,730.63
F47485,579.96
F47486,583.09
F47487,540.17
F47488,551.89
F47489,477.61
F47490,373.97
F47491,887.9
F47492,458.48
F47493,555.04
F47494,740.27
F47495,587.94
F47496,447.1
F47497,532.46
F47498,612.33
F47499,546.05
F47500,458.53
F47501,615.71
F47502,682.11
F47503,465.06
F47504,620.64
F47505,587.38
F47506,948.88
F47507,590.43
F47508,652.0
F47509,602.99
F47510,508.03
F47511,677.36
F47512,781.02
F47513,573.76
F47514,541.81
F47515,641.51
F47516,426.11
F47517,971.22
F47518,457.02
F47519,654.59
F47520,842.65
F47521,646.05
F47522,679.99
F47523,699.9
F47524,906.0
F47525,611.12
F47526,474.79
F47527,571.35
F47528,706.76
F47529,298.43
F47530,449.8
F47531,823.28
F47532,640.45
F47533,503.18
F47534,657.1
F47535,506.85
F47536,946.57
F47537,484.27
F47538,952.95
F47539,744.41
F47540,730.34
F47541,607.84
F47542,505.85
F47543,471.47
F47544,428.49
F47545,736.55
F47546,713.18
F47547,802.95
F47548,1016.46
F47549,703.63
F47550,680.65
F47551,609.7
F47552,468.07
F47553,471.56
F47554,830.59
F47555,665.96
F47556,547.75
F47557,574.0
F47558,462.03
F47559,379.43
F47560,696.79
F47561,535.85
F47562,600.03
F47563,401.71
F47564,465.16
F47565,786.43
F47566,600.83
F47567,373.79
F47568,425.39
F47569,483.95
F47570,676.24
F47571,598.41
F47572,488.85
F47573,725.34
F47574,416.38
F47575,596.98
F47576,532.03
F47577,354.84
F47578,380.48
F47579,639.28
F47580,391.73
F47581,422.57
F47582,364.4
F47583,359.22
F47584,594.72
F47585,467.96
F47586,426.7
F47587,665.39
F47588,683.59
F47589,844.6
F47590,729.07
F47591,732.58
F47592,493.02
F47593,608.17
F47594,1043.07
F47595,1000.1
F47596,459.3
F47597,637.13
F47598,890.93
F47599,352.2
F47600,691.69
F47601,452.64
F47602,799.37
F47603,572.07
F47604,650.97
F47605,517.91
F47606,514.37
F47607,498.88
F47608,399.24
F47609,425.37
F47610,521.54
F47611,483.63
F47612,698.55
F47613,607.41
F47614,664.11
F47615,765.59
F47616,563.84
F47617,411.81
F47618,336.22
F47619,967.24
F47620,669.58
F47621,844.85
F47622,748.37
F47623,434.62
F47624,754.63
F47625,457.97
F47626,916.02
F47627,409.88
F47628,506.51
F47629,815.86
F47630,642.79
F47631,411.52
F47632,894.3
F47633,554.59
F47634,476.46
F47635,401.95
F47636,605.76
F47637,570.45
F47638,402.2
F47639,653.0
F47640,504.43
F47641,507.66
F47642,436.47
F47643,436.82
F47644,352.48
F47645,472.23
F47646,774.67
F47647,504.11
F47648,849.23
F47649,500.11
F47650,540.51
F47651,860.72
F47652,596.55
F47653,622.18
F47654,748.12
F47655,518.87
F47656,847.99
F47657,469.0
F47658,755.27
F47659,635.56
F47660,471.08
F47661,538.55
F47662,672.23
F47663,581.76
F47664,590.73
F47665,424.15
F47666,637.24
F47667,426.57
F47668,571.52
F47669,309.14
F47670,665.95
F47671,631.34
F47672,612.43
F47673,603.77
F47674,566.11
F47675,383.02
F47676,466.74
F47677,443.79
F47678,772.29
F47679,557.33
F47680,488.6
F47681,778.54
F47682,395.74
F47683,753.67
F47684,630.6
F47685,621.26
F47686,615.3
F47687,291.31
F47688,468.25
F47689,434.51
F47690,743.72
F47691,715.58
F47692,709.1
F47693,474.05
F47694,531.62
F47695,392.9
F47696,766.12
F47697,561.97
F47698,698.76
F47699,975.24
F47700,558.99
F47701,470.47
F47702,431.1
F47703,695.2
F47704,716.97
F47705,508.32
F47706,612.54
F47707,622.52
F47708,522.09
F47709,646.75
F47710,530.83
F47711,551.09
F47712,414.0
F47713,539.83
F47714,733.01
F47715,612.39
F47716,356.85
F47717,382.36
F47718,384.95
F47719,478.45
F47720,622.63
F47721,854.84
F47722,472.8
F47723,789.83
F47724,630.37
F47725,486.46
F47726,793.71
F47727,339.11
F47728,819.15
F47729,365.52
F47730,828.38
F47731,383.7
F47732,314.91
F47733,466.73
F47734,632.16
F47735,643.69
F47736,337.85
F47737,500.67
F47738,517.55
F47739,574.95
F47740,574.26
F47741,684.09
F47742,615.97
F47743,761.08
F47744,531.84
F47745,586.2
F47746,601.52
F47747,658.87
F47748,330.79
F47749,406.15
F47750,708.13
F47751,743.5
F47752,903.54
F47753,395.37
F47754,480.83
F47755,259.99
F47756,420.12
F47757,513.94
F47758,557.95
F47759,431.66
F47760,581.32
F47761,537.26
F47762,493.17
F47763,610.65
F47764,343.15
F47765,678.06
F47766,715.11
F47767,821.24
F47768,481.45
F47769,430.53
F47770,663.12
F47771,761.49
F47772,582.41
F47773,574.87
F47774,741.78
F47775,428.05
F47776,419.73
F47777,664.81
F47778,368.15
F47779,763.31
F47780,601.93
F47781,558.9
F47782,669.84
F47783,419.18
F47784,826.98
F47785,825.46
F47786,506.8
F47787,294.09
F47788,464.61
F47789,610.41
F47790,359.46
F47791,540.13
F47792,399.84
F47793,396.16
F47794,663.9
F47795,390.17
F47796,418.39
F47797,343.55
F47798,710.28
F47799,573.86
F47800,679.65
F47801,237.13
F47802,275.15
F47803,497.85
F47804,845.18
F47805,644.19
F47806,963.15
F47807,454.66
F47808,437.23
F47809,565.62
F47810,393.75
F47811,574.16
F47812,576.61
F47813,409.62
F47814,583.46
F47815,617.25
F47816,582.86
F47817,372.15
F47818,464.21
F47819,797.21
F47820,590.18
F47821,425.13
F47822,913.28
F47823,813.05
F47824,683.46
F47825,632.75
F47826,744.36
F47827,856.04
F47828,458.94
F47829,553.38
F47830,595.94
F47831,557.39
F47832,416.43
F47833,329.68
F47834,613.23
F47835,589.25
F47836,633.51
F47837,489.4
F47838,407.38
F47839,195.56
F47840,554.85
F47841,633.22
F47842,553.29
F47843,370.47
F47844,461.77
F47845,631.12
F47846,778.8
F47847,389.58
F47848,291.06
F47849,845.62
F47850,309.44
F47851,444.44
F47852,649.75
F47853,595.71
F47854,473.9
F47855,499.17
F47856,532.71
F47857,522.76
F47858,446.88
F47859,578.91
F47860,415.02
F47861,682.53
F47862,914.06
F47863,786.22
F47864,581.88
F47865,521.65
F47866,712.85
F47867,566.29
F47868,599.95
F47869,370.63
F47870,393.53
F47871,387.02
F47872,690.63
F47873,889.45
F47874,485.1
F47875,434.64
F47876,635.17
F47877,563.89
F47878,304.63
F47879,369.27
F47880,485.51
F47881,413.82
F47882,590.43
F47883,523.07
F47884,597.95
F47885,439.72
F47886,481.55
F47887,667.72
F47888,514.33
F47889,482.68
F47890,682.75
F47891,1021.01
F47892,365.47
F47893,294.73
F47894,601.81
F47895,319.76
F47896,388.96
F47897,404.43
F47898,592.4
F47899,627.87
F47900,357.0
F47901,390.0
F47902,584.21
F47903,607.76
F47904,658.85
F47905,788.27
F47906,724.37
F47907,466.66
F47908,541.46
F47909,644.23
F47910,564.08
F47911,750.14
F47912,662.04
F47913,416.92
F47914,798.83
F47915,731.25
F47916,619.61
F47917,571.46
F47918,567.94
F47919,494.7
F47920,499.34
F47921,515.3
F47922,842.36
F47923,410.57
F47924,414.54
F47925,310.02
F47926,598.84
F47927,639.38
F47928,469.77
F47929,524.4
F47930,618.82
F47931,631.73
F47932,555.04
F47933,702.65
F47934,574.53
F47935,530.93
F47936,700.61
F47937,480.9
F47938,739.96
F47939,532.9
F47940,827.45
F47941,470.43
F47942,584.61
F47943,466.84
F47944,841.83
F47945,396.39
F47946,725.64
F47947,561.09
F47948,462.34
F47949,380.87
F47950,501.76
F47951,402.67
F47952,477.85
F47953,438.95
F47954,697.82
F47955,457.68
F47956,426.48
F47957,705.09
F47958,697.92
F47959,586.36
F47960,710.44
F47961,438.51
F47962,594.48
F47963,621.93
F47964,551.44
F47965,581.7
F47966,424.8
F47967,796.7
F47968,554.36
F47969,630.37
F47970,432.37
F47971,633.58
F47972,393.97
F47973,394.7
F47974,646.0
F47975,750.57
F47976,838.63
F47977,707.5
F47978,623.35
F47979,695.03
F47980,313.32
F47981,275.39
F47982,443.51
F47983,559.1
F47984,687.63
F47985,641.68
F47986,636.71
F47987,618.48
F47988,492.56
F47989,670.11
F47990,380.51
F47991,531.29
F47992,592.18
F47993,923.76
F47994,321.18
F47995,686.05
F47996,717.93
F47997,570.81
F47998,495.49
F47999,702.35
F48000,637.43
F48001,658.19
F48002,413.12
F48003,565.38
F48004,495.26
F48005,639.8
F48006,373.32
F48007,711.51
F48008,858.35
F48009,684.34
F48010,706.06
F48011,616.37
F48012,482.03
F48013,484.11
F48014,310.93
F48015,629.5
F48016,454.52
F48017,882.73
F48018,642.8
F48019,647.23
F48020,363.1
F48021,332.31
F48022,410.52
F48023,462.37
F48024,375.47
F48025,609.27
F48026,363.25
F48027,525.76
F48028,385.18
F48029,549.92
F48030,708.44
F48031,574.31
F48032,345.41
F48033,556.9
F48034,658.94
F48035,596.21
F48036,559.8
F48037,774.68
F48038,497.84
F48039,341.42
F48040,455.01
F48041,1016.78
F48042,394.68
F48043,449.54
F48044,484.55
F48045,509.28
F48046,432.92
F48047,576.12
F48048,580.26
F48049,618.49
F48050,862.44
F48051,734.76
F48052,459.74
F48053,846.24
F48054,646.84
F48055,625.81
F48056,619.25
F48057,442.87
F48058,911.62
F48059,657.66
F48060,387.58
F48061,746.17
F48062,622.27
F48063,399.8
F48064,443.7
F48065,480.37
F48066,359.58
F48067,567.19
F48068,716.59
F48069,679.81
F48070,316.54
F48071,411.72
F48072,767.61
F48073,476.8
F48074,568.67
F48075,608.27
F48076,875.8
F48077,581.75
F48078,790.0
F48079,470.01
F48080,577.28
F48081,600.29
F48082,588.5
F48083,520.1
F48084,475.02
F48085,578.74
F48086,361.33
F48087,544.68
F48088,793.03
F48089,657.5
F48090,575.15
F48091,451.4
F48092,484.25
F48093,351.72
F48094,515.87
F48095,538.66
F48096,688.82
F48097,444.27
F48098,658.06
F48099,641.72
F48100,385.16
F48101,730.42
F48102,428.6
F48103,730.12
F48104,536.18
F48105,342.5
F48106,556.92
F48107,427.96
F48108,515.71
F48109,401.98
F48110,617.18
F48111,319.03
F48112,447.9
F48113,679.72
F48114,433.16
F48115,412.57
F48116,416.69
F48117,534.69
F48118,378.45
F48119,446.2
F48120,354.26
F48121,745.07
F48122,621.47
F48123,601.78
F48124,826.46
F48125,604.03
F48126,423.55
F48127,608.1
F48128,608.65
F48129,562.8
F48130,550.45
F48131,706.81
F48132,840.22
F48133,828.82
F48134,345.02
F48135,843.25
F48136,571.2
F48137,536.46
F48138,420.31
F48139,542.02
F48140,505.98
F48141,572.62
F48142,490.25
F48143,747.21
F48144,498.8
F48145,398.26
F48146,932.69
F48147,538.8
F48148,823.49
F48149,421.8
F48150,470.9
F48151,758.04
F48152,598.97
F48153,708.23
F48154,298.09
F48155,414.4
F48156,927.93
F48157,660.08
F48158,719.2
F48159,364.65
F48160,475.37
F48161,237.54
F48162,484.13
F48163,621.07
F48164,705.64
F48165,883.04
F48166,802.84
F48167,659.98
F48168,335.93
F48169,392.68
F48170,549.24
F48171,658.35
F48172,1045.11
F48173,718.04
F48174,623.91
F48175,517.68
F48176,498.17
F48177,700.75
F48178,441.03
F48179,510.23
F48180,432.04
F48181,754.77
F48182,971.19
F48183,405.77
F48184,601.35
F48185,452.78
F48186,415.15
F48187,617.91
F48188,332.73
F48189,323.12
F48190,757.96
F48191,639.81
F48192,465.12
F48193,299.44
F48194,461.71
F48195,327.28
F48196,624.21
F48197,472.48
F48198,453.76
F48199,364.09
F48200,489.91
F48201,627.69
F48202,569.76
F48203,515.64
F48204,560.39
F48205,652.85
F48206,331.62
F48207,562.25
F48208,543.84
F48209,832.24
F48210,541.61
F48211,696.72
F48212,715.67
F48213,580.23
F48214,358.72
F48215,860.11
F48216,359.05
F48217,284.23
F48218,870.82
F48219,523.58
F48220,583.79
F48221,566.31
F48222,780.28
F48223,816.42
F48224,668.66
F48225,540.87
F48226,518.03
F48227,848.79
F48228,323.53
F48229,691.82
F48230,712.86
F48231,505.14
F48232,592.2
F48233,481.74
F48234,768.65
F48235,401.03
F48236,721.63
F48237,506.66
F48238,594.93
F48239,532.84
F48240,316.34
F48241,940.87
F48242,402.08
F48243,373.76
F48244,664.4
F48245,566.45
F48246,655.61
F48247,385.36
F48248,773.76
F48249,656.41
F48250,725.92
F48251,506.59
F48252,515.28
F48253,623.22
F48254,637.31
F48255,647.51
F48256,428.78
F48257,619.85
F48258,586.16
F48259,528.3
F48260,446.83
F48261,580.54
F48262,598.11
F48263,587.17
F48264,380.1
F48265,410.99
F48266,592.88
F48267,589.74
F48268,354.95
F48269,383.81
F48270,710.5
F48271,521.04
F48272,491.83
F48273,591.92
F48274,235.77
F48275,648.77
F48276,440.82
F48277,526.03
F48278,628.52
F48279,232.55
F48280,569.87
F48281,764.66
F48282,491.04
F48283,697.55
F48284,323.58
F48285,505.15
F48286,795.18
F48287,315.04
F48288,685.91
F48289,584.35
F48290,636.05
F48291,806.69
F48292,997.37
F48293,498.36
F48294,685.06
F48295,567.33
F48296,533.81
F48297,475.57
F48298,679.95
F48299,664.28
F48300,711.53
F48301,379.24
F48302,447.55
F48303,584.19
F48304,356.01
F48305,615.68
F48306,598.48
F48307,481.06
F48308,606.02
F48309,768.24
F48310,630.13
F48311,521.4
F48312,469.74
F48313,284.98
F48314,706.89
F48315,692.19
F48316,738.94
F48317,816.54
F48318,712.52
F48319,870.88
F48320,452.02
F48321,796.22
F48322,376.53
F48323,669.66
F48324,708.04
F48325,356.93
F48326,616.76
F48327,657.31
F48328,399.56
F48329,457.4
F48330,645.03
F48331,499.88
F48332,420.81
F48333,770.1
F48334,532.64
F48335,604.21
F48336,557.94
F48337,779.32
F48338,745.73
F48339,818.97
F48340,831.85
F48341,507.57
F48342,510.11
F48343,437.8
F48344,779.89
F48345,514.63
F48346,509.67
F48347,584.86
F48348,713.71
F48349,412.09
F48350,654.97
F48351,591.99
F48352,387.68
F48353,472.05
F48354,535.46
F48355,479.95
F48356,536.41
F48357,571.3
F48358,389.0
F48359,712.34
F48360,601.53
F48361,679.94
F48362,417.56
F48363,492.16
F48364,908.57
F48365,690.71
F48366,322.42
F48367,439.2
F48368,869.92
F48369,452.85
F48370,1032.68
F48371,796.41
F48372,812.02
F48373,691.67
F48374,750.91
F48375,334.84
F48376,529.62
F48377,617.96
F48378,837.1
F48379,425.83
F48380,621.37
F48381,427.09
F48382,696.05
F48383,392.84
F48384,724.97
F48385,521.76
F48386,586.51
F48387,523.82
F48388,790.6
F48389,435.73
F48390,772.34
F48391,740.06
F48392,693.96
F48393,623.81
F48394,702.47
F48395,642.89
F48396,467.56
F48397,593.69
F48398,370.9
F48399,675.99
F48400,611.44
F48401,674.16
F48402,523.64
F48403,436.82
F48404,517.05
F48405,559.06
F48406,531.81
F48407,417.03
F48408,547.64
F48409,676.88
F48410,520.67
F48411,454.27
F48412,766.82
F48413,528.6
F48414,743.91
F48415,599.47
F48416,843.83
F48417,558.63
F48418,407.63
F48419,466.87
F48420,545.71
F48421,573.95
F48422,439.33
F48423,648.87
F48424,309.73
F48425,740.9
F48426,529.43
F48427,360.2
F48428,646.82
F48429,641.71
F48430,677.55
F48431,556.38
F48432,735.01
F48433,674.08
F48434,639.34
F48435,577.13
F48436,828.65
F48437,701.55
F48438,457.19
F48439,503.01
F48440,479.62
F48441,512.19
F48442,677.23
F48443,412.09
F48444,599.38
F48445,868.16
F48446,796.1
F48447,600.19
F48448,431.79
F48449,570.2
F48450,487.13
F48451,497.17
F48452,419.16
F48453,605.08
F48454,626.61
F48455,690.62
F48456,326.64
F48457,521.35
F48458,742.73
F48459,415.14
F48460,859.18
F48461,505.77
F48462,374.8
F48463,345.82
F48464,466.25
F48465,447.7
F48466,699.26
F48467,619.86
F48468,376.47
F48469,695.74
F48470,694.85
F48471,452.77
F48472,456.56
F48473,620.1
F48474,635.98
F48475,659.41
F48476,839.25
F48477,601.14
F48478,703.7
F48479,602.36
F48480,393.15
F48481,328.17
F48482,473.36
F48483,674.0
F48484,377.07
F48485,374.24
F48486,749.49
F48487,702.9
F48488,492.66
F48489,570.04
F48490,441.38
F48491,741.37
F48492,998.7
F48493,718.34
F48494,767.44
F48495,748.84
F48496,594.39
F48497,346.2
F48498,512.94
F48499,297.99
F48500,546.47
F48501,845.82
F48502,762.82
F48503,379.08
F48504,305.84
F48505,705.5
F48506,395.75
F48507,351.16
F48508,645.53
F48509,423.51
F48510,386.49
F48511,699.27
F48512,592.56
F48513,703.01
F48514,370.13
F48515,582.55
F48516,417.82
F48517,595.52
F48518,413.77
F48519,781.13
F48520,585.21
F48521,489.51
F48522,720.39
F48523,267.1
F48524,500.46
F48525,295.0
F48526,683.62
F48527,463.85
F48528,505.59
F48529,870.01
F48530,502.1
F48531,468.78
F48532,553.8
F48533,426.91
F48534,424.53
F48535,515.68
F48536,412.83
F48537,354.64
F48538,817.94
F48539,425.07
F48540,329.87
F48541,709.03
F48542,551.69
F48543,879.84
F48544,640.73
F48545,382.28
F48546,569.26
F48547,717.1
F48548,713.67
F48549,540.56
F48550,903.78
F48551,450.86
F48552,682.69
F48553,654.12
F48554,770.03
F48555,499.12
F48556,311.24
F48557,683.3
F48558,612.66
F48559,915.83
F48560,663.37
F48561,989.17
F48562,538.34
F48563,663.85
F48564,631.79
F48565,585.22
F48566,446.65
F48567,507.72
F48568,265.73
F48569,506.55
F48570,727.39
F48571,448.37
F48572,518.21
F48573,516.69
F48574,545.15
F48575,495.56
F48576,606.24
F48577,878.11
F48578,442.3
F48579,708.82
F48580,513.61
F48581,702.1
F48582,547.59
F48583,690.68
F48584,461.7
F48585,565.89
F48586,401.55
F48587,604.55
F48588,800.93
F48589,701.4
F48590,922.02
F48591,669.71
F48592,512.58
F48593,399.23
F48594,526.8
F48595,402.51
F48596,506.85
F48597,786.39
F48598,397.99
F48599,454.65
F48600,336.9
F48601,506.81
F48602,559.71
F48603,633.51
F48604,440.95
F48605,467.55
F48606,521.29
F48607,771.36
F48608,532.06
F48609,334.6
F48610,624.14
F48611,465.21
F48612,819.65
F48613,736.55
F48614,710.42
F48615,666.92
F48616,547.11
F48617,510.62
F48618,722.76
F48619,592.43
F48620,575.62
F48621,392.1
F48622,734.61
F48623,722.95
F48624,599.92
F48625,474.46
F48626,408.91
F48627,441.83
F48628,543.55
F48629,422.92
F48630,350.24
F48631,406.1
F48632,907.38
F48633,736.17
F48634,851.73
F48635,479.46
F48636,523.17
F48637,532.2
F48638,619.85
F48639,207.5
F48640,437.65
F48641,635.52
F48642,525.73
F48643,467.47
F48644,770.04
F48645,565.67
F48646,603.67
F48647,581.84
F48648,454.15
F48649,774.87
F48650,556.19
F48651,734.91
F48652,611.73
F48653,715.81
F48654,783.69
F48655,691.36
F48656,378.62
F48657,607.28
F48658,435.08
F48659,381.44
F48660,677.83
F48661,365.29
F48662,681.38
F48663,599.59
F48664,399.83
F48665,469.78
F48666,622.7
F48667,364.7
F48668,333.8
F48669,434.21
F48670,658.54
F48671,723.09
F48672,524.28
F48673,638.04
F48674,468.34
F48675,699.23
F48676,760.39
F48677,588.78
F48678,469.38
F48679,516.76
F48680,541.27
F48681,356.68
F48682,622.89
F48683,346.75
F48684,505.74
F48685,715.88
F48686,843.33
F48687,553.9
F48688,639.59
F48689,623.05
F48690,732.24
F48691,380.18
F48692,691.65
F48693,431.84
F48694,300.18
F48695,651.1
F48696,259.43
F48697,544.14
F48698,674.63
F48699,229.3
F48700,289.18
F48701,775.65
F48702,844.05
F48703,380.08
F48704,465.46
F48705,565.26
F48706,520.42
F48707,927.07
F48708,660.7
F48709,317.38
F48710,253.62
F48711,680.52
F48712,622.41
F48713,445.67
F48714,577.46
F48715,725.78
F48716,526.22
F48717,423.87
F48718,796.49
F48719,285.4
F48720,622.76
F48721,806.67
F48722,723.04
F48723,429.22
F48724,512.11
F48725,497.61
F48726,517.45
F48727,858.72
F48728,472.89
F48729,508.37
F48730,520.19
F48731,270.99
F48732,636.58
F48733,328.36
F48734,681.68
F48735,474.8
F48736,244.67
F48737,545.56
F48738,577.48
F48739,1003.77
F48740,864.87
F48741,572.41
F48742,435.72
F48743,973.31
F48744,389.58
F48745,623.93
F48746,769.26
F48747,683.39
F48748,399.75
F48749,612.34
F48750,680.98
F48751,599.4
F48752,601.62
F48753,537.06
F48754,435.92
F48755,413.81
F48756,718.09
F48757,713.01
F48758,424.82
F48759,552.31
F48760,421.73
F48761,438.74
F48762,787.7
F48763,803.01
F48764,595.58
F48765,922.09
F48766,564.1
F48767,484.65
F48768,242.12
F48769,566.15
F48770,428.56
F48771,697.08
F48772,497.47
F48773,623.7
F48774,623.9
F48775,616.21
F48776,552.32
F48777,678.64
F48778,642.54
F48779,833.03
F48780,607.25
F48781,245.96
F48782,486.52
F48783,589.3
F48784,561.88
F48785,750.75
F48786,609.66
F48787,620.04
F48788,496.79
F48789,390.31
F48790,508.37
F48791,590.17
F48792,569.53
F48793,457.29
F48794,491.06
F48795,558.83
F48796,789.22
F48797,643.44
F48798,544.74
F48799,471.03
F48800,753.06
F48801,579.29
F48802,795.48
F48803,489.47
F48804,603.67
F48805,840.74
F48806,350.35
F48807,490.27
F48808,862.22
F48809,771.1
F48810,556.71
F48811,783.61
F48812,527.16
F48813,365.7
F48814,413.81
F48815,601.45
F48816,584.07
F48817,785.54
F48818,393.41
F48819,683.5
F48820,674.16
F48821,463.27
F48822,523.98
F48823,565.83
F48824,569.2
F48825,695.4
F48826,655.25
F48827,607.94
F48828,534.06
F48829,608.78
F48830,585.78
F48831,823.29
F48832,800.83
F48833,499.07
F48834,893.74
F48835,447.75
F48836,787.89
F48837,471.99
F48838,521.53
F48839,457.71
F48840,1045.06
F48841,334.42
F48842,519.73
F48843,360.99
F48844,577.05
F48845,578.29
F48846,733.06
F48847,372.49
F48848,592.14
F48849,593.37
F48850,508.26
F48851,528.32
F48852,850.74
F48853,540.36
F48854,315.66
F48855,553.49
F48856,418.75
F48857,432.9
F48858,641.86
F48859,487.17
F48860,592.29
F48861,721.94
F48862,584.42
F48863,570.95
F48864,706.41
F48865,477.6
F48866,717.65
F48867,777.27
F48868,741.65
F48869,719.72
F48870,567.94
F48871,702.84
F48872,658.47
F48873,348.21
F48874,436.03
F48875,579.95
F48876,267.36
F48877,974.54
F48878,386.34
F48879,392.87
F48880,410.69
F48881,847.24
F48882,611.69
F48883,271.03
F48884,725.25
F48885,813.88
F48886,829.87
F48887,704.99
F48888,746.1
F48889,414.22
F48890,883.63
F48891,558.84
F48892,591.94
F48893,678.99
F48894,328.62
F48895,728.03
F48896,482.0
F48897,569.31
F48898,832.87
F48899,711.97
F48900,519.26
F48901,655.99
F48902,642.25
F48903,416.01
F48904,463.04
F48905,409.19
F48906,244.08
F48907,481.07
F48908,460.56
F48909,660.07
F48910,485.72
F48911,684.7
F48912,733.2
F48913,433.8
F48914,661.72
F48915,595.13
F48916,414.6
F48917,567.77
F48918,420.29
F48919,382.89
F48920,758.9
F48921,813.68
F48922,629.09
F48923,420.59
F48924,356.42
F48925,287.69
F48926,633.79
F48927,643.11
F48928,512.25
F48929,463.07
F48930,564.88
F48931,565.86
F48932,568.66
F48933,743.2
F48934,561.3
F48935,839.94
F48936,578.5
F48937,731.17
F48938,872.3
F48939,567.63
F48940,559.59
F48941,704.58
F48942,324.62
F48943,752.12
F48944,433.47
F48945,638.15
F48946,439.52
F48947,371.84
F48948,394.29
F48949,685.29
F48950,599.62
F48951,414.16
F48952,607.88
F48953,727.57
F48954,412.09
F48955,668.61
F48956,423.02
F48957,348.89
F48958,352.58
F48959,692.07
F48960,274.48
F48961,374.58
F48962,499.55
F48963,476.78
F48964,929.8
F48965,969.21
F48966,580.19
F48967,889.81
F48968,708.58
F48969,568.46
F48970,283.49
F48971,474.76
F48972,380.16
F48973,488.71
F48974,671.13
F48975,245.79
F48976,456.02
F48977,390.79
F48978,589.63
F48979,496.25
F48980,438.84
F48981,449.08
F48982,395.89
F48983,580.59
F48984,408.22
F48985,686.37
F48986,489.52
F48987,592.28
F48988,424.88
F48989,503.67
F48990,620.43
F48991,789.22
F48992,628.0
F48993,742.29
F48994,565.4
F48995,364.58
F48996,342.86
F48997,306.81
F48998,642.79
F48999,521.1
F49000,734.15
F49001,497.06
F49002,587.24
F49003,797.45
F49004,455.52
F49005,490.77
F49006,429.56
F49007,367.18
F49008,519.97
F49009,980.12
F49010,603.72
F49011,806.52
F49012,666.94
F49013,410.06
F49014,463.35
F49015,533.53
F49016,427.99
F49017,537.87
F49018,915.53
F49019,660.39
F49020,553.85
F49021,606.24
F49022,692.98
F49023,539.14
F49024,658.96
F49025,890.14
F49026,455.81
F49027,819.84
F49028,513.42
F49029,702.95
F49030,492.14
F49031,520.78
F49032,591.7
F49033,365.6
F49034,386.83
F49035,723.11
F49036,517.58
F49037,440.15
F49038,667.2
F49039,474.06
F49040,526.09
F49041,497.8
F49042,783.48
F49043,521.87
F49044,663.05
F49045,619.93
F49046,549.98
F49047,686.43
F49048,400.37
F49049,389.47
F49050,449.11
F49051,430.7
F49052,272.35
F49053,471.35
F49054,666.68
F49055,567.99
F49056,488.18
F49057,466.47
F49058,617.7
F49059,435.74
F49060,733.34
F49061,643.88
F49062,847.88
F49063,656.1
F49064,633.94
F49065,802.36
F49066,628.62
F49067,517.3
F49068,520.77
F49069,590.48
F49070,560.45
F49071,524.58
F49072,470.69
F49073,426.15
F49074,544.93
F49075,663.08
F49076,682.69
F49077,603.8
F49078,612.32
F49079,526.26
F49080,632.31
F49081,792.36
F49082,611.26
F49083,413.43
F49084,428.83
F49085,753.65
F49086,842.47
F49087,587.95
F49088,736.73
F49089,413.25
F49090,882.9
F49091,805.1
F49092,512.93
F49093,695.12
F49094,668.87
F49095,327.52
F49096,825.64
F49097,501.46
F49098,591.95
F49099,516.77
F49100,416.01
F49101,474.83
F49102,636.68
F49103,650.34
F49104,435.57
F49105,380.32
F49106,578.14
F49107,416.98
F49108,732.71
F49109,569.64
F49110,591.07
F49111,645.07
F49112,540.22
F49113,542.28
F49114,468.43
F49115,608.72
F49116,573.37
F49117,547.45
F49118,507.25
F49119,342.64
F49120,420.11
F49121,437.05
F49122,695.39
F49123,596.39
F49124,363.68
F49125,415.84
F49126,552.32
F49127,807.71
F49128,890.58
F49129,510.53
F49130,500.76
F49131,650.37
F49132,487.58
F49133,908.07
F49134,607.63
F49135,629.77
F49136,472.98
F49137,488.64
F49138,916.54
F49139,575.49
F49140,274.62
F49141,611.26
F49142,556.53
F49143,630.7
F49144,493.22
F49145,694.2
F49146,659.37
F49147,550.28
F49148,620.39
F49149,664.49
F49150,357.6
F49151,885.94
F49152,627.17
F49153,460.56
F49154,490.32
F49155,461.25
F49156,358.71
F49157,423.64
F49158,569.19
F49159,567.23
F49160,253.23
F49161,870.07
F49162,299.18
F49163,386.21
F49164,546.67
F49165,840.36
F49166,648.04
F49167,593.94
F49168,596.61
F49169,531.31
F49170,333.18
F49171,413.95
F49172,577.79
F49173,524.6
F49174,410.37
F49175,617.45
F49176,646.95
F49177,450.17
F49178,579.31
F49179,516.06
F49180,572.29
F49181,698.38
F49182,598.44
F49183,701.89
F49184,465.23
F49185,359.23
F49186,401.27
F49187,860.28
F49188,842.05
F49189,620.66
F49190,638.46
F49191,608.32
F49192,1046.59
F49193,400.91
F49194,449.76
F49195,635.19
F49196,634.5
F49197,311.98
F49198,793.75
F49199,495.8
F49200,377.93
F49201,402.72
F49202,451.43
F49203,398.13
F49204,783.29
F49205,705.91
F49206,1017.18
F49207,542.77
F49208,856.91
F49209,713.09
F49210,408.41
F49211,577.98
F49212,693.96
F49213,592.57
F49214,746.0
F49215,351.81
F49216,481.29
F49217,562.92
F49218,502.57
F49219,736.58
F49220,525.76
F49221,471.84
F49222,731.6
F49223,687.89
F49224,678.06
F49225,315.93
F49226,664.39
F49227,849.94
F49228,427.33
F49229,704.82
F49230,753.43
F49231,473.46
F49232,243.0
F49233,678.6
F49234,585.14
F49235,554.67
F49236,630.47
F49237,563.29
F49238,458.47
F49239,378.72
F49240,536.45
F49241,542.25
F49242,573.42
F49243,251.99
F49244,905.4
F49245,418.03
F49246,528.37
F49247,849.3
F49248,535.21
F49249,586.69
F49250,378.99
F49251,421.93
F49252,609.05
F49253,422.42
F49254,525.24
F49255,535.43
F49256,345.15
F49257,288.54
F49258,596.74
F49259,452.13
F49260,662.93
F49261,444.08
F49262,454.07
F49263,661.15
F49264,774.79
F49265,792.11
F49266,735.42
F49267,302.13
F49268,464.13
F49269,285.57
F49270,1027.14
F49271,614.65
F49272,844.47
F49273,682.13
F49274,381.37
F49275,581.26
F49276,334.92
F49277,913.34
F49278,259.93
F49279,475.47
F49280,588.74
F49281,676.09
F49282,607.64
F49283,497.06
F49284,581.19
F49285,308.68
F49286,377.11
F49287,484.41
F49288,566.42
F49289,405.09
F49290,758.43
F49291,445.85
F49292,470.79
F49293,683.39
F49294,547.62
F49295,324.84
F49296,334.24
F49297,651.32
F49298,659.41
F49299,413.22
F49300,524.72
F49301,595.67
F49302,418.3
F49303,696.45
F49304,526.31
F49305,319.83
F49306,856.59
F49307,520.92
F49308,795.13
F49309,435.73
F49310,339.45
F49311,642.91
F49312,443.02
F49313,746.31
F49314,665.46
F49315,539.22
F49316,495.84
F49317,524.83
F49318,260.44
F49319,924.91
F49320,613.71
F49321,518.74
F49322,740.7
F49323,348.81
F49324,750.11
F49325,621.63
F49326,458.08
F49327,785.54
F49328,530.22
F49329,503.69
F49330,767.84
F49331,613.1
F49332,454.5
F49333,324.04
F49334,413.41
F49335,894.54
F49336,407.9
F49337,331.12
F49338,949.22
F49339,718.35
F49340,747.81
F49341,725.61
F49342,412.47
F49343,703.22
F49344,504.06
F49345,244.1
F49346,382.31
F49347,454.51
F49348,481.61
F49349,758.36
F49350,403.95
F49351,347.93
F49352,299.92
F49353,735.96
F49354,789.46
F49355,566.61
F49356,840.26
F49357,481.66
F49358,476.71
F49359,786.11
F49360,552.1
F49361,530.26
F49362,388.92
F49363,669.32
F49364,340.08
F49365,714.28
F49366,622.64
F49367,438.75
F49368,613.86
F49369,553.79
F49370,280.74
F49371,414.43
F49372,712.68
F49373,414.99
F49374,511.62
F49375,477.28
F49376,574.72
F49377,903.56
F49378,638.18
F49379,441.99
F49380,502.65
F49381,537.55
F49382,937.76
F49383,587.13
F49384,396.7
F49385,374.83
F49386,725.07
F49387,540.8
F49388,851.51
F49389,830.12
F49390,477.24
F49391,391.88
F49392,906.32
F49393,517.66
F49394,451.71
F49395,576.25
F49396,683.42
F49397,693.29
F49398,437.26
F49399,547.06
F49400,433.81
F49401,572.87
F49402,383.27
F49403,412.2
F49404,650.4
F49405,524.96
F49406,820.69
F49407,597.98
F49408,592.57
F49409,590.72
F49410,466.69
F49411,328.46
F49412,363.63
F49413,441.06
F49414,381.08
F49415,407.44
F49416,409.14
F49417,317.64
F49418,462.02
F49419,509.93
F49420,805.97
F49421,645.37
F49422,339.02
F49423,634.54
F49424,456.94
F49425,522.3
F49426,485.53
F49427,571.3
F49428,347.27
F49429,514.05
F49430,559.78
F49431,573.08
F49432,363.49
F49433,503.87
F49434,762.15
F49435,481.56
F49436,331.83
F49437,637.34
F49438,572.3
F49439,519.22
F49440,430.18
F49441,440.0
F49442,753.61
F49443,661.49
F49444,632.67
F49445,769.23
F49446,619.14
F49447,596.31
F49448,540.46
F49449,402.36
F49450,538.29
F49451,643.73
F49452,661.15
F49453,721.7
F49454,721.05
F49455,663.17
F49456,622.34
F49457,635.51
F49458,653.78
F49459,463.9
F49460,564.33
F49461,1047.15
F49462,690.96
F49463,422.89
F49464,974.33
F49465,285.22
F49466,548.78
F49467,563.32
F49468,527.95
F49469,789.97
F49470,398.34
F49471,660.34
F49472,702.7
F49473,620.4
F49474,727.67
F49475,479.93
F49476,452.04
F49477,607.46
F49478,309.69
F49479,554.81
F49480,308.9
F49481,493.77
F49482,455.72
F49483,390.67
F49484,342.24
F49485,593.92
F49486,335.72
F49487,433.33
F49488,609.36
F49489,402.69
F49490,434.73
F49491,474.04
F49492,674.47
F49493,768.94
F49494,586.8
F49495,512.16
F49496,430.03
F49497,448.15
F49498,481.51
F49499,415.34
F49500,457.27
F49501,821.91
F49502,583.24
F49503,506.47
F49504,311.28
F49505,684.11
F49506,519.58
F49507,463.94
F49508,546.94
F49509,264.19
F49510,425.84
F49511,464.25
F49512,552.97
F49513,682.96
F49514,543.76
F49515,324.86
F49516,561.78
F49517,509.78
F49518,592.35
F49519,347.24
F49520,946.13
F49521,845.83
F49522,698.09
F49523,592.61
F49524,469.63
F49525,703.76
F49526,488.22
F49527,630.83
F49528,586.58
F49529,696.24
F49530,366.7
F49531,558.1
F49532,712.73
F49533,580.69
F49534,853.71
F49535,1051.61
F49536,664.94
F49537,563.76
F49538,591.56
F49539,541.19
F49540,729.74
F49541,385.88
F49542,631.77
F49543,333.22
F49544,731.72
F49545,573.23
F49546,548.01
F49547,499.8
F49548,1024.57
F49549,501.22
F49550,388.43
F49551,517.1
F49552,395.42
F49553,316.59
F49554,326.94
F49555,601.98
F49556,666.58
F49557,579.84
F49558,652.77
F49559,472.47
F49560,609.85
F49561,501.41
F49562,665.62
F49563,402.28
F49564,392.51
F49565,662.39
F49566,620.1
F49567,378.66
F49568,504.32
F49569,348.32
F49570,909.65
F49571,329.1
F49572,536.34
F49573,753.11
F49574,576.64
F49575,672.7
F49576,522.29
F49577,895.0
F49578,618.59
F49579,603.52
F49580,695.25
F49581,379.26
F49582,588.69
F49583,644.23
F49584,444.47
F49585,459.12
F49586,404.34
F49587,250.94
F49588,299.12
F49589,699.33
F49590,536.22
F49591,664.95
F49592,639.26
F49593,350.27
F49594,564.46
F49595,324.07
F49596,602.73
F49597,794.86
F49598,522.17
F49599,611.47
F49600,636.71
F49601,373.88
F49602,320.27
F49603,736.45
F49604,467.39
F49605,667.94
F49606,404.88
F49607,501.3
F49608,375.34
F49609,438.38
F49610,573.57
F49611,356.33
F49612,392.34
F49613,561.44
F49614,595.1
F49615,684.94
F49616,318.99
F49617,719.6
F49618,260.56
F49619,532.61
F49620,664.9
F49621,454.9
F49622,640.77
F49623,901.57
F49624,761.49
F49625,549.73
F49626,668.12
F49627,817.34
F49628,359.44
F49629,433.65
F49630,273.0
F49631,490.99
F49632,362.48
F49633,711.66
F49634,644.53
F49635,717.36
F49636,334.13
F49637,473.91
F49638,927.56
F49639,654.09
F49640,727.83
F49641,438.17
F49642,462.61
F49643,716.52
F49644,396.51
F49645,424.19
F49646,909.18
F49647,728.59
F49648,778.25
F49649,738.58
F49650,536.49
F49651,1070.16
F49652,573.59
F49653,583.86
F49654,599.33
F49655,590.84
F49656,739.48
F49657,616.6
F49658,659.68
F49659,692.82
F49660,285.57
F49661,470.04
F49662,577.85
F49663,474.29
F49664,737.14
F49665,762.18
F49666,586.69
F49667,568.68
F49668,361.39
F49669,696.2
F49670,596.04
F49671,536.76
F49672,665.99
F49673,548.64
F49674,571.32
F49675,732.6
F49676,478.26
F49677,412.41
F49678,423.79
F49679,565.41
F49680,266.54
F49681,662.02
F49682,297.84
F49683,743.52
F49684,582.55
F49685,683.53
F49686,424.24
F49687,687.12
F49688,263.48
F49689,713.91
F49690,725.15
F49691,714.52
F49692,507.77
F49693,701.86
F49694,845.52
F49695,341.06
F49696,830.96
F49697,495.32
F49698,520.56
F49699,419.31
F49700,430.4
F49701,406.2
F49702,628.54
F49703,453.49
F49704,418.71
F49705,438.29
F49706,650.37
F49707,598.48
F49708,319.63
F49709,528.77
F49710,485.76
F49711,673.11
F49712,601.61
F49713,591.82
F49714,857.42
F49715,431.39
F49716,517.92
F49717,832.6
F49718,635.13
F49719,625.5
F49720,505.96
F49721,475.62
F49722,575.49
F49723,712.0
F49724,617.7
F49725,647.55
F49726,493.93
F49727,664.53
F49728,479.51
F49729,748.92
F49730,641.12
F49731,438.75
F49732,504.2
F49733,666.12
F49734,443.71
F49735,704.88
F49736,460.41
F49737,542.3
F49738,547.61
F49739,703.44
F49740,701.53
F49741,598.41
F49742,732.38
F49743,418.94
F49744,741.8
F49745,668.16
F49746,624.66
F49747,413.78
F49748,569.53
F49749,539.34
F49750,437.14
F49751,379.22
F49752,650.22
F49753,704.2
F49754,462.1
F49755,533.62
F49756,685.91
F49757,698.29
F49758,535.8
F49759,432.99
F49760,486.09
F49761,415.56
F49762,451.73
F49763,301.25
F49764,690.63
F49765,410.36
F49766,680.08
F49767,268.57
F49768,489.62
F49769,848.85
F49770,654.74
F49771,572.78
F49772,596.81
F49773,705.4
F49774,576.83
F49775,704.52
F49776,670.64
F49777,483.84
F49778,898.29
F49779,513.74
F49780,332.05
F49781,689.01
F49782,486.9
F49783,432.24
F49784,772.54
F49785,436.95
F49786,798.11
F49787,361.86
F49788,526.32
F49789,781.76
F49790,466.82
F49791,415.33
F49792,691.31
F49793,399.69
F49794,525.67
F49795,445.67
F49796,543.4
F49797,350.85
F49798,570.23
F49799,610.5
F49800,501.89
F49801,575.88
F49802,447.63
F49803,659.13
F49804,699.86
F49805,703.41
F49806,460.14
F49807,732.66
F49808,635.32
F49809,594.12
F49810,491.26
F49811,470.1
F49812,647.64
F49813,517.97
F49814,843.51
F49815,756.27
F49816,525.21
F49817,624.37
F49818,519.52
F49819,827.51
F49820,547.12
F49821,365.61
F49822,714.49
F49823,690.0
F49824,282.48
F49825,363.92
F49826,523.39
F49827,653.11
F49828,404.09
F49829,347.81
F49830,794.68
F49831,364.46
F49832,701.17
F49833,642.56
F49834,316.14
F49835,680.55
F49836,533.69
F49837,621.65
F49838,715.88
F49839,584.95
F49840,472.42
F49841,527.9
F49842,760.29
F49843,528.11
F49844,652.81
F49845,548.75
F49846,543.48
F49847,294.8
F49848,457.81
F49849,541.02
F49850,668.54
F49851,635.4
F49852,482.91
F49853,509.08
F49854,873.16
F49855,379.66
F49856,904.35
F49857,635.71
F49858,504.21
F49859,490.28
F49860,538.12
F49861,696.17
F49862,554.25
F49863,789.55
F49864,973.18
F49865,395.9
F49866,674.4
F49867,941.98
F49868,542.67
F49869,486.54
F49870,492.92
F49871,594.88
F49872,599.75
F49873,403.3
F49874,728.22
F49875,784.34
F49876,916.37
F49877,475.64
F49878,715.55
F49879,485.59
F49880,489.31
F49881,446.73
F49882,609.92
F49883,605.87
F49884,420.23
F49885,371.2
F49886,753.05
F49887,820.06
F49888,572.21
F49889,632.33
F49890,599.1
F49891,337.16
F49892,797.79
F49893,319.08
F49894,545.24
F49895,477.63
F49896,481.88
F49897,800.77
F49898,731.38
F49899,361.0
F49900,533.12
F49901,710.63
F49902,350.89
F49903,551.33
F49904,1021.44
F49905,676.39
F49906,321.15
F49907,579.05
F49908,734.92
F49909,467.26
F49910,620.63
F49911,556.24
F49912,605.56
F49913,551.89
F49914,748.73
F49915,558.47
F49916,473.51
F49917,784.99
F49918,591.37
F49919,380.4
F49920,483.58
F49921,493.73
F49922,637.13
F49923,532.53
F49924,606.55
F49925,1022.02
F49926,637.52
F49927,715.53
F49928,438.72
F49929,734.71
F49930,889.87
F49931,413.23
F49932,374.61
F49933,550.05
F49934,632.11
F49935,421.01
F49936,441.62
F49937,593.28
F49938,603.45
F49939,409.19
F49940,582.9
F49941,244.32
F49942,633.17
F49943,518.54
F49944,486.42
F49945,709.23
F49946,427.51
F49947,556.54
F49948,286.34
F49949,661.8
F49950,670.38
F49951,629.86
F49952,589.81
F49953,711.25
F49954,555.01
F49955,519.86
F49956,609.33
F49957,537.55
F49958,753.87
F49959,708.23
F49960,658.51
F49961,461.03
F49962,351.81
F49963,460.99
F49964,344.54
F49965,685.76
F49966,950.29
F49967,393.08
F49968,759.91
F49969,598.94
F49970,961.28
F49971,1009.06
F49972,468.51
F49973,556.6
F49974,565.22
F49975,377.96
F49976,406.37
F49977,450.57
F49978,693.99
F49979,647.43
F49980,469.89
F49981,733.5
F49982,814.44
F49983,662.71
F49984,290.73
F49985,674.26
F49986,657.63
F49987,522.72
F49988,726.72
F49989,733.6
F49990,596.32
F49991,461.91
F49992,487.82
F49993,573.21
F49994,484.33
F49995,512.58
F49996,783.15
F49997,541.47
F49998,344.26
F49999,739.06
F50000,569.11
